city_name,city_number,country,lat,lon,temp,humidity,wind,clouds
avarua,4035715,CK,-21.21,-159.78,28.0,88,3.1,1
butaritari,2110227,KI,3.07,172.79,28.46,80,9.01,51
mataura,6201424,NZ,-46.19,168.86,12.24,53,0.74,0
barentsburg,1000000, ,0.0,0.0,0.0,0,0.0,0
constitucion,3893726,CL,-35.33,-72.42,11.55,65,2.97,0
illoqqortoormiut,1000000, ,0.0,0.0,0.0,0,0.0,0
jeremie,3723593,HT,18.65,-74.12,26.35,77,0.92,5
columbus,4509177,US,39.96,-83.0,8.09,43,1.5,20
okato,2185763,NZ,-39.2,173.88,16.67,65,3.58,97
bluff,2206939,NZ,-46.6,168.33,10.84,57,1.77,2
rikitea,4030556,PF,-23.12,-134.97,24.36,71,3.45,0
puerto ayora,3652764,EC,-0.74,-90.35,24.44,94,0.89,82
kodiak,5866583,US,57.79,-152.41,11.0,62,2.6,75
sitka,5557293,US,57.05,-135.33,14.0,67,2.6,1
betlitsa,576626,RU,54.01,33.96,1.25,86,5.07,26
port alfred,964432,ZA,-33.59,26.89,16.11,96,0.89,93
busselton,2075265,AU,-33.65,115.33,17.97,42,3.14,99
cabo san lucas,3985710,MX,22.89,-109.91,24.64,47,2.1,5
ushuaia,3833367,AR,-54.8,-68.3,5.0,65,16.5,40
nikolskoye,546105,RU,59.7,30.79,0.22,86,3.0,38
pisco,3932145,PE,-13.7,-76.22,19.0,82,4.6,83
norsup,2135517,VU,-16.07,167.38,27.0,65,4.1,75
taolanaro,1000000, ,0.0,0.0,0.0,0,0.0,0
grand gaube,934479,MU,-20.01,57.66,20.56,74,0.89,14
provideniya,4031574,RU,64.38,-173.3,1.0,78,2.0,75
najran,103630,SA,17.49,44.13,25.0,31,1.86,0
tarudant,1000000, ,0.0,0.0,0.0,0,0.0,0
bonthe,2409914,SL,7.53,-12.51,26.49,85,1.84,100
vaini,4032243,TO,-21.2,-175.2,26.0,78,2.6,75
hasaki,2112802,JP,35.73,140.83,26.66,50,3.1,20
charters towers,2171722,AU,-20.1,146.27,26.03,41,4.82,0
lagoa,3372964,PT,39.05,-27.98,14.03,67,13.75,43
smithers,6149996,CA,54.78,-127.17,22.0,12,1.5,5
hobart,2163355,AU,-42.88,147.33,10.27,57,6.7,40
leningradskiy,2123814,RU,69.38,178.42,-0.16,98,4.01,99
santa isabel,3450188,BR,-23.32,-46.22,14.0,87,0.5,44
jamestown,5122534,US,42.1,-79.24,3.25,60,3.1,1
kalmunai,1242110,LK,7.42,81.82,27.91,78,0.6,95
iwanai,2129868,JP,42.97,140.51,14.72,65,4.73,38
lebu,3883457,CL,-37.62,-73.65,10.82,82,3.3,49
ribeira grande,3372707,PT,38.52,-28.7,14.11,69,11.67,63
oskarshamn,2686162,SE,57.26,16.45,2.06,86,4.1,0
geresk,1000000, ,0.0,0.0,0.0,0,0.0,0
mount gambier,2156643,AU,-37.83,140.77,14.0,62,6.2,75
cape town,3369157,ZA,-33.93,18.42,13.09,82,0.5,75
yabelo,326036,ET,4.88,38.08,13.55,100,1.62,54
iqaluit,5983720,CA,63.75,-68.51,-3.17,86,8.7,90
meulaboh,1214488,ID,4.14,96.13,27.57,81,2.07,100
nanortalik,3421765,GL,60.14,-45.24,4.95,79,4.41,100
finschhafen,2097418,PG,-6.6,147.87,27.07,80,2.96,100
rabo de peixe,3372745,PT,37.8,-25.58,13.0,82,3.6,40
kadirli,310892,TR,37.37,36.1,16.67,91,1.79,7
east london,1006984,ZA,-33.02,27.91,18.75,70,9.71,100
asfi,2537881,MA,32.3,-9.24,17.73,83,4.54,29
hermanus,3366880,ZA,-34.42,19.23,14.44,75,0.45,67
tagab,1123424,AF,34.85,69.65,15.0,87,1.5,40
hokitika,2206894,NZ,-42.72,170.97,14.33,77,1.18,99
cairns,2172797,AU,-16.92,145.77,25.68,65,4.6,40
maningrida,2067089,AU,-12.07,134.27,31.32,55,4.5,52
albany,5106841,US,42.6,-73.97,3.3,59,1.34,71
atuona,4020109,PF,-9.8,-139.03,26.95,73,8.0,19
tasiilaq,3424607,GL,65.61,-37.64,1.0,95,4.6,0
faanui,4034551,PF,-16.48,-151.75,27.51,76,5.63,98
manoharpur,1263649,IN,27.3,75.95,32.91,24,3.98,78
tanabe,1850708,JP,33.73,135.37,23.0,43,7.7,20
marawi,1701054,PH,8.0,124.29,29.44,75,2.68,72
san ramon,5392593,US,37.78,-121.98,14.58,33,4.6,75
pueblo,5435464,US,38.25,-104.61,13.06,58,6.7,1
lavrentiya,4031637,RU,65.58,-171.0,0.62,95,1.41,98
gurupa,3398480,BR,-1.41,-51.64,23.64,95,1.45,70
tiksi,2015306,RU,71.69,128.87,-0.38,98,2.79,100
yellowknife,6185377,CA,62.46,-114.35,-1.0,63,9.3,20
longyearbyen,2729907,SJ,78.22,15.64,-3.0,86,7.7,90
caravelas,3466980,BR,-17.71,-39.25,22.6,85,2.01,8
torbay,6167817,CA,47.67,-52.73,6.41,100,5.1,90
khatanga,2022572,RU,71.97,102.5,-6.2,96,3.36,85
manakara,1061605,MG,-22.13,48.02,21.5,91,3.67,83
cidreira,3466165,BR,-30.18,-50.21,19.15,93,4.94,100
kodinar,1266397,IN,20.79,70.7,29.56,66,4.58,0
sentyabrskiy,1000000, ,0.0,0.0,0.0,0,0.0,0
hilo,5855927,US,19.73,-155.09,25.36,61,5.7,75
sayyan,70979,YE,15.17,44.32,16.59,41,3.57,0
cherskiy,2126199,RU,68.75,161.3,7.59,55,1.99,0
saint george,5546220,US,37.1,-113.58,25.24,12,11.3,1
punta arenas,3874787,CL,-53.15,-70.92,5.0,65,4.6,86
luderitz,3355672,NA,-26.65,15.16,17.32,59,7.13,77
chokurdakh,2126123,RU,70.63,147.92,0.57,100,2.48,100
ilulissat,3423146,GL,69.22,-51.1,2.0,74,2.6,100
belushya guba,1000000, ,0.0,0.0,0.0,0,0.0,0
chuy,3443061,UY,-33.7,-53.46,13.1,86,3.04,23
cordele,4189423,US,31.96,-83.78,15.88,72,2.71,1
norman wells,6089245,CA,65.28,-126.83,5.0,65,6.2,75
airai,1651810,TL,-8.93,125.41,22.31,70,2.27,99
richards bay,962367,ZA,-28.78,32.04,18.11,90,3.29,19
souillac,933995,MU,-20.52,57.52,23.0,69,4.1,20
haines junction,5969025,CA,60.75,-137.51,20.03,27,1.45,73
havelock,4470244,US,34.88,-76.9,11.84,62,1.5,1
melfi,3173615,IT,41.0,15.65,14.0,87,2.1,40
gorontalo,1643837,ID,0.54,123.06,31.53,64,2.62,12
thompson,6165406,CA,55.74,-97.86,9.0,24,3.6,20
vershino-darasunskiy,2013442,RU,52.35,115.52,16.47,32,5.07,67
grand river south east,1000000, ,0.0,0.0,0.0,0,0.0,0
zhangye,1785036,CN,38.93,100.45,20.4,21,2.88,99
tuktoyaktuk,6170031,CA,69.45,-133.04,-7.0,85,8.2,40
cananea,4015700,MX,30.95,-110.3,21.18,24,0.45,0
yaan,2338660,NG,7.38,8.57,25.17,88,3.53,48
san felipe,3628423,VE,10.34,-68.74,22.63,90,1.39,68
ixtapa,4004293,MX,20.7,-105.2,25.0,83,2.6,5
manta,3654410,EC,-0.95,-80.73,27.0,74,3.6,75
wairoa,2206808,NZ,-39.03,177.37,15.49,69,1.56,70
westport,4845585,US,41.14,-73.36,9.07,47,4.65,65
rawannawi,1000000, ,0.0,0.0,0.0,0,0.0,0
syamzha,485351,RU,60.02,41.06,7.72,97,2.03,100
qasigiannguit,3420768,GL,68.82,-51.19,2.0,74,2.6,95
noumea,2139521,NC,-22.28,166.46,25.38,54,4.6,75
ilhabela,3461425,BR,-23.78,-45.36,20.87,69,1.57,20
praia da vitoria,3372760,PT,38.73,-27.07,13.0,87,12.69,75
carnarvon,2074865,AU,-24.87,113.63,28.04,27,5.88,39
bredasdorp,1015776,ZA,-34.53,20.04,14.0,76,4.6,42
gorno-chuyskiy,1000000, ,0.0,0.0,0.0,0,0.0,0
barrow,5880054,US,71.29,-156.79,-4.0,79,14.9,1
pontes e lacerda,3453060,BR,-15.23,-59.34,22.09,91,0.99,6
batagay-alyta,2027042,RU,67.8,130.41,-2.07,97,1.73,100
riyadh,108410,SA,24.69,46.72,24.0,25,2.1,3
kloulklubed,7671223,PW,7.04,134.26,31.0,70,2.6,75
bethel,5282297,US,41.37,-73.41,8.06,29,3.1,90
nemuro,2128975,JP,43.32,145.57,8.0,93,4.1,75
pacific grove,5380437,US,36.62,-121.92,14.93,85,0.89,0
port hedland,2063042,AU,-20.32,118.57,30.0,13,9.8,0
flinders,6255012,AU,-34.58,150.86,19.44,51,4.02,100
iranshahr,1160939,IR,27.2,60.68,27.0,18,2.04,20
paamiut,3421193,GL,61.99,-49.67,5.11,87,2.61,100
victoria,1819729,HK,22.29,114.16,30.17,66,5.7,20
awbari,2219235,LY,26.59,12.78,26.6,15,3.94,0
bairiki,7601762,KI,1.33,172.98,30.0,74,6.2,40
mar del plata,3430863,AR,-38.0,-57.56,10.24,87,4.1,85
fare,4034496,PF,-16.7,-151.02,28.01,75,6.16,99
mitsamiouli,921786,KM,-11.38,43.28,27.07,73,4.01,100
mnogovershinnyy,2019935,RU,53.94,139.92,10.29,68,2.56,100
pimentel,3693584,PE,-6.84,-79.93,20.46,84,6.35,10
russell,4047434,US,32.35,-85.2,15.69,77,2.12,1
vaitupu,1000000, ,0.0,0.0,0.0,0,0.0,0
kuala terengganu,1734705,MY,5.33,103.14,30.56,79,2.24,98
kieta,2094027,PG,-6.22,155.63,27.63,82,2.74,100
rongcheng,1797117,CN,30.63,117.85,24.44,61,2.83,38
aginskoye,2028078,RU,51.1,114.53,18.55,31,7.5,54
saleaula,1000000, ,0.0,0.0,0.0,0,0.0,0
semey,1519422,KZ,50.41,80.23,21.0,43,1.0,0
mahebourg,934322,MU,-20.41,57.7,23.0,69,4.1,20
bengkulu,1649150,ID,-3.8,102.27,30.39,61,1.56,39
rio gallegos,3838859,AR,-51.62,-69.22,2.0,80,3.6,71
oranjemund,3354071,NA,-28.55,16.43,13.42,92,3.27,42
cockburn town,3576994,TC,21.46,-71.14,27.09,80,7.81,0
umm lajj,100926,SA,25.02,37.27,26.26,39,3.35,36
katsuura,2112309,JP,35.13,140.3,27.11,47,5.1,20
qaanaaq,3831208,GL,77.48,-69.36,-1.49,86,2.64,100
belaya gora,2126785,RU,68.53,146.42,4.4,91,2.76,99
san quintin,3984997,MX,30.48,-115.95,18.0,79,7.09,0
silver city,5491487,US,32.77,-108.28,20.02,22,3.6,1
upernavik,3418910,GL,72.79,-56.15,2.13,82,4.61,97
saint-philippe,935215,RE,-21.36,55.77,16.51,60,4.1,21
tazovskiy,1489853,RU,67.47,78.7,0.82,99,5.81,99
srednekolymsk,2121025,RU,67.45,153.68,9.6,57,2.31,0
jabiru,1000000, ,0.0,0.0,0.0,0,0.0,0
half moon bay,5354943,US,37.46,-122.43,14.25,87,1.5,1
kamenskoye,1000000, ,0.0,0.0,0.0,0,0.0,0
port elizabeth,964420,ZA,-33.92,25.57,16.0,87,4.1,40
magaria,2441482,NE,13.0,8.91,23.97,18,0.88,0
vao,2137773,NC,-22.67,167.48,21.71,72,8.8,37
labuan,1733782,MY,5.28,115.24,28.94,83,1.0,75
balabac,1728675,PH,7.99,117.06,31.51,62,1.06,75
belmonte,3470137,BR,-15.86,-38.88,22.0,83,1.0,75
keti bandar,1174451,PK,24.14,67.45,28.97,73,6.29,58
antigonish,5886182,CA,45.62,-62.0,3.03,91,1.79,98
lloydminster,6058024,CA,53.28,-110.0,8.0,31,3.1,40
mackenzie,6063191,CA,55.3,-123.17,18.0,16,2.1,1
booue,2401495,GA,-0.09,11.94,23.07,96,0.48,100
georgetown,1735106,MY,5.41,100.34,30.0,79,2.6,20
fortuna,5563839,US,40.6,-124.16,13.76,76,2.1,90
bucerias,4016734,MX,20.75,-105.33,25.0,83,2.6,5
chara,2025630,RU,56.91,118.26,4.88,65,3.97,75
porto santo,8010683,PT,33.07,-16.34,18.0,72,7.2,75
angra,1000000, ,0.0,0.0,0.0,0,0.0,0
binzhou,1816336,CN,37.37,118.02,27.22,35,2.68,0
olafsvik,3414079,IS,64.89,-23.71,5.03,84,4.04,100
nador,2541479,MA,35.17,-2.93,15.64,72,1.5,15
soyo,2236967,AO,-6.13,12.37,26.08,85,2.23,88
bilibino,2126682,RU,68.05,166.44,4.01,71,0.84,0
barra patuca,3614835,HN,15.8,-84.28,26.4,85,3.11,44
mys shmidta,1000000, ,0.0,0.0,0.0,0,0.0,0
nizhneyansk,1000000, ,0.0,0.0,0.0,0,0.0,0
arraial do cabo,3471451,BR,-22.97,-42.03,22.75,78,10.71,97
abay,1526970,KZ,49.63,72.85,18.0,63,3.0,0
karakose,1000000, ,0.0,0.0,0.0,0,0.0,0
quatre cocos,1106643,MU,-20.21,57.76,21.72,69,4.1,20
lata,2738381,PT,40.16,-8.33,10.96,91,2.24,32
kawana waters,1000000, ,0.0,0.0,0.0,0,0.0,0
walvis bay,3359638,NA,-22.96,14.51,13.0,82,2.1,10
sisimiut,3419842,GL,66.94,-53.67,4.55,89,1.5,100
tevaitoa,4033375,PF,-16.78,-151.5,27.91,74,5.34,100
kapaa,5848280,US,22.08,-159.32,25.0,73,6.2,20
kaitangata,2208248,NZ,-46.28,169.85,12.22,63,1.34,0
lakes entrance,2160735,AU,-37.88,147.98,11.67,83,0.45,99
asau,686090,RO,46.43,26.4,5.0,75,0.05,76
oulainen,643497,FI,64.27,24.8,-1.67,75,2.24,0
deputatskiy,2028164,RU,69.3,139.9,-2.04,99,1.92,100
new norfolk,2155415,AU,-42.78,147.06,8.93,79,1.34,70
trinidad,3902377,BO,-14.83,-64.9,23.48,92,0.79,87
solnechnyy,2016307,RU,50.72,136.63,10.55,76,1.21,95
aloleng,1731298,PH,16.13,119.78,31.98,61,2.69,46
maromitsa,529051,RU,59.87,48.01,12.97,79,4.17,6
jurado,3680090,CO,7.11,-77.76,25.62,87,1.58,100
simplicio mendes,3387620,BR,-7.85,-41.91,22.36,83,2.11,6
price,5545269,US,39.6,-110.81,20.0,18,8.2,1
alofi,4036284,NU,-19.06,-169.92,28.0,83,2.6,75
esperance,2071860,AU,-33.87,121.9,15.0,72,8.7,77
balkanabat,161616,TM,39.51,54.37,16.58,52,0.17,0
zhigansk,2012530,RU,66.77,123.37,-0.03,96,5.5,95
darlowo,3100637,PL,54.42,16.41,5.56,96,5.66,100
geraldton,2070998,AU,-28.77,114.6,24.0,22,5.93,100
north bend,5742974,US,43.41,-124.22,11.81,93,4.6,90
sao joao da barra,3448903,BR,-21.64,-41.05,21.89,86,5.9,58
fairbanks,5861897,US,64.84,-147.72,12.56,62,2.1,90
kutum,371745,SD,14.2,24.67,23.69,16,4.57,83
clyde river,5924351,CA,70.47,-68.59,-7.0,92,7.7,90
zyryanka,2119283,RU,65.75,150.85,9.26,64,5.48,37
porto belo,3452900,BR,-27.16,-48.55,20.29,88,1.5,100
birjand,140463,IR,32.87,59.22,13.0,47,2.1,50
labuhan,8079926,ID,-6.88,112.21,29.25,75,3.59,14
morag,3091462,PL,53.92,19.93,5.0,75,4.47,100
roald,3141667,NO,62.58,6.13,0.68,73,2.6,97
groningen,2755249,NL,53.25,6.75,4.43,93,3.1,20
talnakh,1490256,RU,69.49,88.4,2.0,64,3.0,0
cabatuan,1721720,PH,10.88,122.49,33.45,53,3.22,31
hithadhoo,1282256,MV,-0.6,73.08,29.18,75,4.35,100
rosetta,350203,EG,31.4,30.42,18.0,82,2.53,64
college,5859699,US,64.86,-147.8,12.65,58,2.1,75
sioux lookout,6148373,CA,50.1,-91.92,4.0,32,1.0,20
castro,3466704,BR,-24.79,-50.01,14.47,94,2.12,77
santa cruz de tenerife,2511174,ES,28.47,-16.25,15.86,87,8.2,75
ulaanbaatar,2028462,MN,47.91,106.88,16.0,25,2.0,40
enid,4535961,US,36.4,-97.88,10.62,93,2.6,90
kijang,1842966,KR,35.24,129.21,21.0,26,3.6,0
lazaro cardenas,4026082,MX,17.96,-102.2,24.39,83,1.34,0
dikson,1507390,RU,73.51,80.55,-3.47,94,3.5,18
bijie,1816373,CN,27.31,105.29,20.08,70,2.74,100
takoradi,2294915,GH,4.88,-1.76,26.45,86,2.32,36
thunder bay,6166142,CA,48.4,-89.32,3.15,47,1.0,5
beloha,1067565,MG,-25.17,45.05,17.15,86,1.84,0
prieska,964090,ZA,-29.66,22.75,14.47,37,3.91,59
eydhafushi,1337606,MV,5.1,73.07,29.35,76,3.4,99
adrar,2381972,MR,20.5,-10.07,26.34,18,4.84,0
port blair,1259385,IN,11.67,92.75,30.07,70,5.57,10
nouadhibou,2377457,MR,20.93,-17.03,18.29,84,10.67,0
tual,1623197,ID,-5.67,132.75,28.78,77,4.1,20
maniitsoq,3421982,GL,65.42,-52.9,4.09,94,4.28,100
lorengau,2092164,PG,-2.02,147.27,28.81,75,4.63,87
umm kaddadah,364933,SD,13.6,26.69,27.83,13,6.51,75
ponta do sol,2264557,PT,32.67,-17.1,15.19,67,1.0,20
severo-kurilsk,2121385,RU,50.68,156.12,6.94,64,3.98,66
port antonio,3489005,JM,18.18,-76.46,26.6,70,1.0,20
elko,5703673,US,41.0,-115.5,14.63,31,5.1,75
calvinia,3369174,ZA,-31.47,19.78,8.58,93,1.93,9
zonhoven,2783189,BE,50.99,5.37,4.09,93,0.5,51
caranavi,3922037,BO,-15.82,-67.55,18.33,93,0.62,72
saint anthony,5044290,US,45.02,-93.22,9.84,37,2.66,1
zonguldak,737021,TR,41.25,31.83,13.09,73,2.5,0
borlange,1000000, ,0.0,0.0,0.0,0,0.0,0
hambantota,1244926,LK,6.12,81.12,28.18,71,2.42,100
nome,5870133,US,64.5,-165.41,5.51,87,8.2,90
altamira,3407882,BR,-3.2,-52.21,23.49,91,0.55,84
eirunepe,3664321,BR,-6.66,-69.87,22.5,97,0.63,100
saint-leu,6690297,RE,-21.15,55.28,16.33,60,4.1,25
mattru,2409215,SL,7.62,-11.83,24.78,94,0.81,100
rengo,3873441,CL,-34.42,-70.87,5.0,100,2.1,2
say,2439812,NE,13.1,2.37,33.0,26,3.6,72
lasa,3175096,IT,46.62,10.7,8.0,100,4.1,75
alta floresta,6316343,BR,-9.88,-56.09,22.41,93,1.12,1
lewiston,4969398,US,44.1,-70.21,3.48,30,2.6,1
hobyo,57000,SO,5.35,48.53,28.71,72,3.93,100
ahipara,2194098,NZ,-35.17,173.17,18.67,65,5.06,100
kununurra,2068110,AU,-15.77,128.73,29.0,15,5.7,33
tabiauea,1000000, ,0.0,0.0,0.0,0,0.0,0
ena,1855753,JP,35.45,137.41,26.14,33,6.2,40
pevek,2122090,RU,69.7,170.31,0.93,91,2.34,71
tagdangua,1000000, ,0.0,0.0,0.0,0,0.0,0
brownsville,4676740,US,25.9,-97.5,26.41,69,5.7,75
baglung,1283711,NP,28.27,83.59,25.32,42,0.83,32
isangel,2136825,VU,-19.55,169.27,27.0,54,2.1,75
yantal,2055868,RU,56.85,105.25,7.08,52,5.35,92
epe,2343252,NG,6.58,3.98,26.75,86,2.47,100
luau,876177,AO,-10.71,22.22,18.54,66,2.23,87
rio claro,3451234,BR,-22.41,-47.56,12.0,87,2.46,13
bathsheba,3374083,BB,13.22,-59.52,26.24,74,8.48,0
oktyabrskiy,515879,RU,54.48,53.47,11.74,82,3.55,92
komsomolskiy,1513491,UZ,40.43,71.72,19.0,63,2.1,100
aklavik,5882953,CA,68.22,-135.01,-3.0,73,4.1,75
san cristobal,3628473,VE,7.77,-72.22,19.86,91,0.92,90
attawapiskat,1000000, ,0.0,0.0,0.0,0,0.0,0
shingu,1847947,JP,33.73,135.98,23.0,43,7.7,20
itarema,3393692,BR,-2.92,-39.92,24.86,85,3.53,1
evensk,2125693,RU,61.95,159.23,1.2,92,1.48,2
la ronge,6050066,CA,55.1,-105.28,12.0,23,3.1,5
dunedin,2191562,NZ,-45.87,170.5,15.0,61,4.02,0
oksfjord,778362,NO,70.24,22.35,0.0,93,9.8,94
brae,2654970,GB,60.4,-1.35,2.0,80,4.1,56
grindavik,3416888,IS,63.84,-22.43,4.0,86,5.7,90
saskylakh,2017155,RU,71.92,114.08,-1.36,98,4.78,100
egvekinot,4031742,RU,66.32,-179.17,-0.23,98,4.21,78
saldanha,3361934,ZA,-33.01,17.94,9.0,81,1.0,65
bandarbeyla,64814,SO,9.49,50.81,28.11,82,5.57,82
maple creek,6065592,CA,49.92,-109.48,4.7,88,3.7,100
touros,3386213,BR,-5.2,-35.46,24.0,100,2.1,20
fereydun kenar,134602,IR,36.69,52.52,10.0,93,2.1,0
tumannyy,1000000, ,0.0,0.0,0.0,0,0.0,0
kinarut,1733449,MY,5.82,116.05,28.94,79,1.5,20
port moresby,2088122,PG,-9.44,147.18,29.16,67,6.03,75
sri aman,1735799,MY,1.24,111.46,30.0,79,1.5,40
gimli,5961417,CA,50.63,-96.99,7.38,23,2.18,19
omsukchan,2122493,RU,62.53,155.8,1.22,91,3.25,94
camocim,3403687,BR,-2.9,-40.84,24.99,86,3.75,30
brumado,3468893,BR,-14.2,-41.67,20.03,90,1.7,45
cap malheureux,934649,MU,-19.98,57.61,20.56,74,1.34,16
labrea,3663684,BR,-7.26,-64.8,24.39,85,0.75,7
sibolga,1213855,ID,1.74,98.78,30.61,58,1.04,99
samarai,2132606,PG,-10.62,150.67,27.1,72,2.87,32
boa vista,3664980,BR,2.82,-60.67,28.0,69,1.0,40
nassau,5128316,US,40.75,-73.58,11.06,27,2.6,90
kande,2366168,TG,9.96,1.04,26.86,61,1.81,70
somerset,5104759,US,40.57,-74.55,10.91,32,2.6,75
las vegas,5506956,US,36.17,-115.14,24.23,21,14.9,1
abu samrah,172515,SY,35.3,37.18,19.56,32,3.05,0
kahului,5847411,US,20.89,-156.47,24.07,65,10.3,40
waw,363885,SS,7.7,28.0,24.33,76,1.52,40
dahuk,96994,IQ,36.87,42.99,16.44,51,1.82,0
kaduna,2335727,NG,10.52,7.44,24.86,73,2.76,0
corrales,5463237,US,35.24,-106.61,22.31,19,5.7,40
samusu,1000000, ,0.0,0.0,0.0,0,0.0,0
balkhash,1525798,KZ,46.84,74.98,21.36,48,1.48,0
rairangpur,1265830,IN,22.27,86.18,35.38,27,4.19,0
mandalgovi,2030065,MN,45.76,106.27,20.45,24,3.21,62
kidal,2455290,ML,18.44,1.41,30.99,26,2.98,100
ukholovo,479426,RU,53.79,40.49,5.56,66,3.13,100
tagusao,1684245,PH,9.19,117.81,31.08,63,2.56,25
sivas,300617,TR,39.79,37.0,11.89,64,2.21,8
boke,2422924,GN,10.94,-14.3,24.27,89,0.94,2
neuquen,3843123,AR,-38.95,-68.06,12.0,50,3.6,0
sao filipe,3374210,CV,14.9,-24.5,22.55,78,4.85,15
rehoboth,3353540,NA,-23.32,17.08,11.78,44,1.44,18
ngukurr,1000000, ,0.0,0.0,0.0,0,0.0,0
alice springs,2077895,AU,-23.7,133.88,19.0,20,5.7,0
ayagoz,1525988,KZ,47.97,80.44,22.44,41,3.64,4
barcelos,2742416,PT,41.54,-8.62,13.36,87,4.6,20
beboto,2435837,TD,8.27,16.94,23.85,83,1.7,73
port hardy,6111862,CA,50.7,-127.42,15.0,77,3.6,75
okandja,1000000, ,0.0,0.0,0.0,0,0.0,0
byron bay,2172880,AU,-28.65,153.62,20.89,64,2.1,77
santa cruz,3904906,BO,-17.8,-63.17,22.0,94,1.0,40
portland,5746545,US,45.52,-122.68,12.92,76,5.7,90
irituia,3398014,BR,-1.77,-47.44,23.15,98,1.26,96
manadhoo,1337618,MV,5.77,73.38,29.3,77,3.71,98
dingle,1714733,PH,11.0,122.67,33.42,52,2.55,46
hami,1529484,CN,42.8,93.45,27.25,13,3.79,99
ketchikan,5554428,US,55.34,-131.65,15.82,39,2.6,1
emporia,4271086,US,38.4,-96.18,8.0,100,4.1,90
kampong thum,1831125,KH,12.71,104.89,33.09,55,3.99,1
aswan,359792,EG,24.09,32.91,26.23,19,2.96,21
dhanwar,1272902,IN,24.42,85.98,34.98,20,3.7,0
masvingo,886763,ZW,-20.06,30.83,11.91,46,1.36,0
pangkalanbuun,1632694,ID,-2.68,111.62,31.13,69,1.84,99
puerto escondido,3520994,MX,15.85,-97.07,28.95,71,2.03,5
tuatapere,2180815,NZ,-46.13,167.68,12.73,49,0.84,1
calabaca,1720806,PH,14.3,122.43,31.62,60,4.03,53
vardo,777019,NO,70.37,31.11,0.0,87,2.6,20
petrozavodsk,509820,RU,61.78,34.35,4.0,64,4.0,100
sechura,3691954,PE,-5.56,-80.82,22.59,75,7.28,74
narathiwat,1608408,TH,6.33,101.75,30.56,70,4.02,100
ouango,236844,CF,4.31,22.56,21.96,97,1.18,99
coquimbo,3893629,CL,-29.95,-71.34,11.0,81,1.5,32
dolores,3435038,AR,-36.31,-57.68,9.4,66,1.66,91
nelson bay,2155562,AU,-32.72,152.15,19.88,42,5.7,64
timmins,6166739,CA,48.47,-81.33,-2.0,63,1.0,20
killam,5991888,CA,52.78,-111.85,8.89,25,1.79,89
yaval,1252773,IN,21.17,75.7,34.51,27,2.52,9
bargal,1000000, ,0.0,0.0,0.0,0,0.0,0
umzimvubu,1000000, ,0.0,0.0,0.0,0,0.0,0
nguiu,1000000, ,0.0,0.0,0.0,0,0.0,0
codrington,2171099,AU,-38.27,141.97,12.86,54,4.11,54
kunda,1265632,IN,25.72,81.52,37.16,13,1.48,2
high level,5975004,CA,58.52,-117.14,18.0,18,3.6,40
toulepleu,1000000, ,0.0,0.0,0.0,0,0.0,0
sao borja,3449340,BR,-28.66,-56.0,19.54,97,1.96,100
palauig,1696188,PH,15.44,119.9,31.41,61,2.77,19
tsogni,2400547,GA,-2.79,10.1,24.31,95,1.04,100
kruisfontein,986717,ZA,-34.0,24.73,13.62,77,8.08,43
sinnamary,3380290,GF,5.38,-52.95,25.56,90,6.84,100
port lincoln,2063036,AU,-34.73,135.87,14.37,50,4.16,40
yakeshi,2033536,CN,49.28,120.73,14.94,33,4.59,17
amderma,1000000, ,0.0,0.0,0.0,0,0.0,0
punto fijo,3629576,VE,11.7,-70.2,26.23,83,11.19,26
stornoway,2636790,GB,58.21,-6.39,2.67,78,1.0,74
san patricio,3985168,MX,19.22,-104.7,23.3,80,1.67,0
kenai,5866063,US,60.55,-151.26,11.93,60,5.7,1
road town,3577430,VG,18.42,-64.62,27.46,74,4.1,40
karratha,6620339,AU,-20.74,116.85,30.07,19,8.49,0
tripoli,2210247,LY,32.88,13.19,24.58,36,7.65,10
hofn,2630299,IS,64.25,-15.21,5.54,66,3.46,0
whitianga,2179103,NZ,-36.83,175.7,16.67,88,2.24,100
vila velha,3445026,BR,-20.33,-40.29,19.53,100,1.5,99
tsihombe,1000000, ,0.0,0.0,0.0,0,0.0,0
namatanai,2090021,PG,-3.67,152.43,29.54,72,3.13,27
sadovoye,499535,RU,47.78,44.51,16.18,66,4.17,71
xining,1788852,CN,36.62,101.77,13.99,37,2.23,55
terrace,6162949,CA,54.52,-128.6,23.0,20,4.6,5
niksar,741304,TR,40.59,36.95,16.36,51,1.81,0
saint-joseph,6690296,RE,-21.37,55.62,17.14,60,4.1,26
gremyachinsk,558885,RU,58.56,57.85,10.56,83,1.79,69
tiznit,2527087,MA,29.58,-9.5,13.91,83,3.04,62
naryan-mar,523392,RU,67.67,53.09,5.93,92,2.45,22
shelburne,6145890,CA,44.08,-80.2,-2.27,73,2.9,1
adre,245669,TD,13.47,22.2,26.35,17,4.77,100
mansa,1263622,IN,29.98,75.38,29.94,38,1.71,100
hay river,5972762,CA,60.82,-115.8,3.0,74,5.1,75
canto do buriti,3403251,BR,-8.11,-42.94,21.87,89,1.15,30
los llanos de aridane,2514651,ES,28.66,-17.92,19.0,63,3.1,40
dumai,1645133,ID,1.68,101.45,25.78,92,1.75,100
dobson,4463810,US,36.4,-80.72,8.41,66,2.19,1
toliary,1000000, ,0.0,0.0,0.0,0,0.0,0
maarianhamina,3041732,AX,60.1,19.93,4.0,93,4.6,75
marsh harbour,3571913,BS,26.54,-77.06,23.45,74,9.4,89
acobamba,3927758,PE,-11.35,-75.66,11.36,67,0.94,88
xinglongshan,2033739,CN,43.96,125.47,17.0,25,4.0,20
ngunguru,2186111,NZ,-35.62,174.5,18.33,77,3.13,100
gat,293842,IL,31.61,34.76,19.15,67,3.1,13
doka,376332,SD,13.52,35.77,28.55,36,4.76,24
fartura,3463604,BR,-23.39,-49.51,18.57,78,2.05,95
guymon,5515743,US,36.68,-101.48,9.0,93,5.7,90
villarrica,3436714,PY,-25.75,-56.43,20.64,98,1.86,97
petropavlovsk-kamchatskiy,2122104,RU,53.05,158.65,15.0,28,7.0,0
nizhnyaya pavlovka,1000000, ,0.0,0.0,0.0,0,0.0,0
vila franca do campo,3372472,PT,37.72,-25.43,13.0,82,3.6,40
kangaatsiaq,3422683,GL,68.31,-53.46,3.56,85,1.69,44
palmer,4946620,US,42.16,-72.33,5.24,30,6.2,75
palana,2122262,RU,59.12,159.97,0.02,98,0.91,83
marsabit,187585,KE,2.33,37.99,17.44,100,3.28,100
beira,1052373,MZ,-19.84,34.84,18.0,93,2.6,20
tessalit,2449893,ML,20.2,1.01,29.97,28,3.32,75
soe,1626703,ID,-9.86,124.28,25.6,65,3.95,42
abu dhabi,292968,AE,24.47,54.37,29.17,39,9.8,0
tiarei,4033356,PF,-17.53,-149.33,29.42,66,4.6,100
guerrero negro,4021858,MX,27.98,-114.06,17.73,74,8.98,0
hamilton,4513583,US,39.18,-84.53,8.07,75,1.38,1
leopold,2160336,AU,-38.18,144.47,13.52,67,4.1,15
lompoc,5367788,US,34.64,-120.46,15.05,82,5.7,20
boguchar,575457,RU,49.94,40.55,11.71,92,5.48,95
manggar,1636426,ID,-2.88,108.27,29.29,78,6.35,95
muros,3115824,ES,42.78,-9.06,12.29,89,0.89,12
narsaq,3421719,GL,60.92,-46.05,10.0,76,2.1,100
klaksvik,2618795,FO,62.23,-6.59,1.0,64,3.1,99
mogadishu,53654,SO,2.04,45.34,26.29,85,7.73,97
banki,1277273,IN,20.38,85.53,33.34,40,3.8,0
la paz,3911925,BO,-16.5,-68.15,5.0,18,4.1,37
comodoro rivadavia,3860443,AR,-45.87,-67.5,5.0,60,5.1,0
camacha,2270385,PT,33.08,-16.33,18.0,72,7.2,75
makakilo city,5850554,US,21.35,-158.09,25.4,65,3.1,90
selikhino,2017042,RU,50.37,137.5,16.75,49,2.19,85
sola,2134814,VU,-13.88,167.55,26.39,79,9.48,95
dali,1814093,CN,25.7,100.18,22.11,40,3.56,43
northam,2641434,GB,51.03,-4.22,4.44,88,0.89,15
goba,336350,ET,7.02,39.98,10.59,82,2.48,65
a,1000000, ,0.0,0.0,0.0,0,0.0,0
samalaeulu,1000000, ,0.0,0.0,0.0,0,0.0,0
altamont,5711149,US,42.21,-121.74,8.34,66,3.6,90
maravilha,3457809,BR,-26.76,-53.17,19.44,81,1.67,100
ilorin,2337639,NG,8.5,4.55,24.85,83,3.79,10
pudozh,504269,RU,61.81,36.53,0.14,97,5.46,100
lundazi,909299,ZM,-12.29,33.18,15.45,74,1.87,100
onega,515246,RU,63.91,38.14,1.97,85,5.06,100
athabasca,5887916,CA,54.72,-113.29,8.1,56,2.45,16
kaeo,2189343,NZ,-35.1,173.78,18.33,16,7.15,100
rincon,4218882,US,32.3,-81.24,13.74,59,1.5,1
salalah,286621,OM,17.02,54.09,29.0,83,2.48,0
karatu,158324,TZ,-3.33,35.67,15.31,90,1.15,95
thurso,2635881,GB,58.59,-3.53,1.0,86,3.1,80
eureka,5563397,US,40.8,-124.16,14.28,70,1.34,98
bonavista,5905393,CA,48.65,-53.11,3.05,99,6.93,100
ogaminana,2327827,NG,7.59,6.22,24.41,86,2.48,73
qaqortoq,3420846,GL,60.72,-46.03,10.0,74,2.1,100
saint-pierre,935214,RE,-21.34,55.48,16.98,60,4.1,41
sernur,496561,RU,56.93,49.15,12.31,84,6.33,28
san carlos de bariloche,7647007,AR,-41.15,-71.31,7.0,65,3.1,40
santa cruz del sur,3537840,CU,20.71,-78.0,25.51,83,6.28,1
launceston,2160517,AU,-41.45,147.17,11.96,58,4.6,40
swan river,6160362,CA,52.11,-101.27,4.92,65,3.5,62
naze,1855540,JP,28.37,129.48,25.0,65,4.6,40
banda aceh,1215502,ID,5.56,95.32,29.22,72,2.29,29
aberdeen,2657832,GB,57.14,-2.1,1.03,74,3.6,0
alekseyevsk,2022083,RU,57.84,108.35,4.97,61,5.42,87
sosnogorsk,490391,RU,63.6,53.88,12.15,84,3.13,36
reconquista,3429594,AR,-29.15,-59.65,17.67,82,3.18,59
leh,1264976,IN,34.17,77.58,6.3,54,0.92,100
grand centre,1000000, ,0.0,0.0,0.0,0,0.0,0
atar,2381334,MR,20.52,-13.05,24.06,20,3.92,0
taltal,3870243,CL,-25.4,-70.48,14.32,75,1.17,2
coahuayana,4013679,MX,18.73,-103.68,22.93,84,0.58,36
fonte boa,6319315,BR,-2.5,-66.27,23.86,97,0.93,100
namibe,3347019,AO,-15.2,12.15,23.89,56,3.26,9
hrebinka,708181,UA,50.12,32.44,2.19,81,4.88,0
severo-yeniseyskiy,1492566,RU,60.37,93.04,6.62,62,3.05,100
teknaf,1185095,BD,20.86,92.31,32.13,54,1.92,0
qitaihe,2035261,CN,45.8,130.85,13.08,40,7.58,19
lodwar,189280,KE,3.12,35.6,27.54,60,1.62,48
puerto del rosario,2512186,ES,28.5,-13.86,20.0,68,4.6,94
scarborough,2638419,GB,54.28,-0.4,4.03,79,0.45,28
zapatoca,3665587,CO,6.82,-73.27,16.4,100,1.03,97
copperas cove,4683244,US,31.12,-97.9,19.3,93,3.6,20
sao paulo de olivenca,3662252,BR,-3.38,-68.87,23.26,98,0.6,100
mabaruma,3377301,GY,8.2,-59.78,24.94,82,2.4,100
bolungarvik,1000000, ,0.0,0.0,0.0,0,0.0,0
kaiyuan,1804850,CN,23.7,103.3,27.37,45,4.57,100
mariental,3355595,NA,-24.63,17.97,16.11,37,3.86,42
querfurt,2851393,DE,51.38,11.6,2.56,83,1.25,46
yumen,1528998,CN,40.28,97.2,21.61,19,8.96,100
puerto leguizamo,3671437,CO,-0.19,-74.78,22.33,95,0.81,100
broome,5110365,US,42.25,-75.83,-0.38,98,3.1,90
codajas,3664525,BR,-3.84,-62.06,24.1,95,0.68,100
jiuquan,1279945,CN,39.74,98.52,22.13,18,6.21,100
casa grande,5288636,US,32.88,-111.76,30.84,13,6.7,1
chilca,3943957,PE,-12.52,-76.74,20.0,77,4.6,68
baherden,162158,TM,38.44,57.43,17.23,44,0.49,71
gbadolite,216404,CD,4.28,21.02,21.75,96,1.24,91
valleyview,6173220,CA,55.07,-117.29,9.84,49,2.29,0
aykhal,2027296,RU,66.0,111.5,-5.0,79,5.0,90
lubao,1705441,PH,14.92,120.55,33.5,59,1.0,40
champua,1274822,IN,22.08,85.67,33.33,33,3.87,0
prince rupert,6113406,CA,54.32,-130.32,14.0,67,1.0,1
ancud,3899695,CL,-41.87,-73.82,9.21,93,2.1,90
artyk,1000000, ,0.0,0.0,0.0,0,0.0,0
taber,6160919,CA,49.82,-112.15,7.11,80,3.1,75
atbasar,1526038,KZ,51.8,68.33,20.04,62,3.83,85
marcona,1000000, ,0.0,0.0,0.0,0,0.0,0
mercedes,3430708,AR,-34.65,-59.43,10.02,76,1.15,30
elizabeth city,4465088,US,36.29,-76.25,8.85,73,0.85,1
matara,1235846,LK,5.95,80.54,27.75,77,1.81,100
kaniama,214389,CD,-7.57,24.18,19.04,90,1.56,94
shenjiamen,1795632,CN,29.96,122.3,20.39,64,3.64,94
salym,1493162,RU,60.06,71.48,25.58,44,1.32,0
okhotsk,2122605,RU,59.38,143.3,1.57,94,14.47,100
tokur,2015217,RU,53.13,132.9,5.14,68,2.66,100
olinda,3393536,BR,-8.01,-34.86,25.0,88,1.0,40
ongandjera,3354178,NA,-17.88,15.07,18.77,46,1.91,53
barcelona,3128760,ES,41.39,2.16,16.68,77,3.96,40
yanchukan,1000000, ,0.0,0.0,0.0,0,0.0,0
avera,4231997,US,33.19,-82.53,13.27,76,2.05,1
castelldefels,3125897,ES,41.28,1.97,16.56,77,5.52,40
bambari,240604,CF,5.77,20.68,22.05,93,1.18,62
swan hill,2147756,AU,-35.34,143.55,15.99,55,4.39,7
cape coast,2302357,GH,5.11,-1.25,26.43,86,1.85,9
hearst,5973108,CA,49.68,-83.67,-2.81,91,0.8,5
karaul,1000000, ,0.0,0.0,0.0,0,0.0,0
batticaloa,1250161,LK,7.71,81.69,27.23,81,1.6,98
gizo,2108857,SB,-8.1,156.84,29.03,73,3.06,21
skage,1000000, ,0.0,0.0,0.0,0,0.0,0
agbor,2351979,NG,6.25,6.19,24.1,93,1.5,90
morden,6078447,CA,49.19,-98.1,4.99,30,3.1,1
tambopata,3927942,PE,-12.73,-69.18,25.01,81,0.31,99
mora,2225991,CM,11.05,14.14,27.42,50,1.13,0
ambulu,1621313,ID,-8.35,113.61,28.88,72,3.14,51
omboue,2396853,GA,-1.57,9.26,24.67,92,1.17,100
ayan,2027316,RU,56.45,138.17,0.31,98,8.1,100
malanje,2239862,AO,-9.54,16.34,17.04,84,1.41,22
husavik,2629833,IS,66.04,-17.34,2.0,80,1.5,98
mali,2417886,GN,12.08,-12.3,20.21,71,1.51,24
katobu,1640972,ID,-4.94,122.53,30.87,63,3.04,96
davila,1715335,PH,18.47,120.58,32.0,62,3.6,20
kenora,5991056,CA,49.82,-94.43,7.0,19,2.1,20
bambous virieux,1106677,MU,-20.34,57.76,21.83,69,4.1,20
inderborskiy,1000000, ,0.0,0.0,0.0,0,0.0,0
dubovka,564654,RU,49.06,44.83,15.0,62,4.0,100
faya,110690,SA,18.39,42.45,19.0,52,0.62,0
yarmouth,4956335,US,41.71,-70.23,9.05,27,6.2,1
dungarvan,2964528,IE,52.09,-7.63,6.11,81,1.79,0
fallon,5503914,US,39.47,-118.78,14.74,29,10.3,75
scottsburgh,1000000, ,0.0,0.0,0.0,0,0.0,0
kariba,889215,ZW,-16.52,28.8,16.23,73,0.7,0
bushehr,139817,IR,28.97,50.84,26.0,57,6.2,0
mackay,2159220,AU,-21.15,149.2,24.63,73,7.2,90
bam,141736,IR,29.11,58.36,24.15,19,9.54,0
daru,2098329,PG,-9.08,143.21,28.13,72,6.91,69
tromso,6453316,NO,69.65,18.96,0.0,95,9.3,75
kupino,1501365,RU,54.37,77.3,25.56,32,2.06,0
batouri,2234663,CM,4.43,14.37,21.05,97,0.71,100
coruripe,3465329,BR,-10.13,-36.18,24.85,86,2.83,100
kassala,372753,SD,15.45,36.4,28.02,35,2.79,0
yenangyaung,1285173,MM,20.47,94.88,33.95,35,1.52,100
longlac,1000000, ,0.0,0.0,0.0,0,0.0,0
guican,3681222,CO,6.46,-72.41,9.22,84,0.63,88
mehamn,778707,NO,71.04,27.85,-1.55,89,7.49,2
diamantino,3464724,BR,-14.41,-56.45,23.1,79,1.39,0
magadan,2123628,RU,59.57,150.8,3.5,80,1.45,77
nabire,1634614,ID,-3.37,135.48,30.6,65,1.83,30
rabkavi,1259083,IN,16.47,75.1,33.29,23,1.9,90
businga,217637,CD,3.33,20.88,21.68,96,0.15,97
lafiagi,2332504,NG,8.87,5.42,26.95,73,1.61,56
istisu,586320,AZ,40.95,48.07,12.51,41,1.13,14
pavino,512247,RU,59.11,46.14,12.32,93,4.1,34
ust-kut,2013923,RU,56.79,105.77,7.18,52,5.35,98
farafangana,1065158,MG,-22.82,47.83,22.0,87,4.86,97
kljuc,3198050,BA,44.53,16.77,10.75,83,1.78,100
safwah,1000000, ,0.0,0.0,0.0,0,0.0,0
suure-jaani,588532,EE,58.54,25.47,1.67,85,3.37,91
rorvik,3141310,NO,64.86,11.24,2.69,76,6.27,100
san juan,3837213,AR,-31.54,-68.54,13.74,37,2.25,0
vadso,777073,NO,70.07,29.75,-3.0,86,9.3,0
tsumeb,3352593,NA,-19.23,17.72,19.49,39,1.87,85
bambanglipuro,1650434,ID,-7.95,110.28,29.78,68,6.19,46
ola,2122574,RU,59.58,151.28,4.05,80,1.3,75
puerto madryn,3840092,AR,-42.77,-65.04,8.17,65,7.29,35
new glasgow,6087579,CA,45.58,-62.65,3.4,94,4.84,100
buraydah,107304,SA,26.33,43.98,25.0,29,4.1,0
trairi,3386177,BR,-3.28,-39.27,24.68,88,2.37,0
sun city west,5316205,US,33.66,-112.34,29.83,11,1.34,0
bilma,2446796,NE,18.69,12.92,26.73,14,3.11,0
gushikawa,1863495,JP,26.35,127.87,25.84,57,4.6,75
mayor pablo lagerenza,3867427,PY,-19.93,-60.77,21.04,77,2.27,88
svay rieng,1821993,KH,11.09,105.8,33.95,46,4.06,3
chicama,3698359,PE,-7.84,-79.15,21.53,76,2.66,8
fort nelson,5955902,CA,58.81,-122.7,19.0,22,3.1,75
moorhead,5038108,US,46.87,-96.77,10.17,23,2.6,1
brownfield,5517675,US,33.18,-102.27,17.49,84,2.24,16
oriximina,3393471,BR,-1.77,-55.87,25.15,91,1.23,66
bhinga,1275921,IN,27.72,81.93,32.48,31,2.31,13
eskasem,1000000, ,0.0,0.0,0.0,0,0.0,0
nyurba,2018735,RU,63.28,118.33,3.08,76,3.48,99
katangli,2122783,RU,51.71,143.23,5.19,84,10.88,100
grand forks,5059429,US,47.93,-97.03,7.15,56,2.1,75
los andes,3882434,CL,-32.83,-70.6,9.44,99,0.3,14
juneau,5554072,US,58.3,-134.42,21.0,26,3.6,1
ostrovnoy,556268,RU,68.05,39.51,1.03,84,1.41,85
krasnyy chikoy,2012349,RU,50.36,108.75,16.95,50,6.5,35
gigmoto,1712961,PH,13.78,124.39,29.88,73,3.34,100
lokosovo,1500399,RU,61.13,74.82,22.14,59,0.91,98
igrim,1505965,RU,63.19,64.42,18.34,74,3.46,97
azare,2348595,NG,11.68,10.19,24.68,40,2.86,0
palabuhanratu,1000000, ,0.0,0.0,0.0,0,0.0,0
ambon,1651531,ID,-3.7,128.18,30.2,70,2.6,40
pittsburg,5383465,US,38.03,-121.88,16.02,55,8.2,1
nsanje,924572,MW,-16.92,35.26,15.37,90,0.47,0
mahadday weyne,1000000, ,0.0,0.0,0.0,0,0.0,0
chifeng,2038067,CN,42.27,118.96,25.79,16,6.18,42
deer lake,5937252,CA,49.17,-57.43,5.78,87,2.1,90
nyaunglebin,1303406,MM,17.95,96.73,35.97,38,2.41,37
aasiaat,3424901,GL,68.71,-52.87,2.16,84,3.09,65
goshogawara,2131612,JP,40.8,140.44,15.87,77,4.1,75
lillooet,6945979,CA,50.69,-121.94,17.35,45,6.7,75
bunbury,2075432,AU,-33.33,115.63,21.11,42,3.01,99
skagastrond,1000000, ,0.0,0.0,0.0,0,0.0,0
hatillo,4565346,PR,18.49,-66.83,23.28,87,0.45,98
kuche,1000000, ,0.0,0.0,0.0,0,0.0,0
coremas,3401725,BR,-7.01,-37.95,21.94,92,0.8,60
vestmannaeyjar,3412093,IS,63.44,-20.27,5.95,79,9.64,56
atikokan,5888001,CA,48.76,-91.62,1.14,73,1.24,0
zaysan,1517060,KZ,47.47,84.87,23.28,34,3.67,24
sur,286245,OM,22.57,59.53,29.4,66,2.88,0
wanaka,2184707,NZ,-44.7,169.15,14.06,53,1.5,0
veraval,1253237,IN,20.9,70.37,29.43,71,5.26,0
roma,5134295,US,43.21,-75.46,0.68,74,3.6,1
pareora,2181133,NZ,-44.49,171.21,13.89,76,2.24,40
kushima,1895695,JP,31.46,131.23,21.9,56,6.2,100
te anau,2181625,NZ,-45.42,167.72,12.91,48,1.42,1
burica,1000000, ,0.0,0.0,0.0,0,0.0,0
cozumel,3530103,MX,20.51,-86.95,25.47,88,2.6,75
tura,1254046,IN,25.52,90.22,31.33,36,2.97,1
yulara,6355222,AU,-25.24,130.99,19.0,17,5.7,0
chikoy,1000000, ,0.0,0.0,0.0,0,0.0,0
wamba,2319257,NG,8.93,8.6,25.14,78,0.42,60
hohhot,2036892,CN,40.81,111.65,21.0,13,2.0,91
wellington,2179537,NZ,-41.29,174.78,14.72,82,3.1,100
bogdanovich,1509888,RU,56.78,62.05,15.82,57,4.09,100
mastung,1170706,PK,29.8,66.84,19.62,63,2.25,3
waddan,2209055,LY,29.16,16.14,24.04,22,3.06,96
verkhnevilyuysk,2013639,RU,63.45,120.32,2.59,78,3.62,100
rajgarh,1258868,IN,28.63,75.38,31.42,36,6.0,99
gallup,5468773,US,35.53,-108.74,19.0,15,7.2,1
mrirt,1000000, ,0.0,0.0,0.0,0,0.0,0
honningsvag,779554,NO,70.98,25.97,0.94,84,10.06,1
pulawy,760924,PL,51.42,21.97,2.67,72,3.94,0
merauke,2082539,ID,-8.47,140.33,29.34,71,4.24,71
juba,373303,SS,4.85,31.58,22.0,93,1.93,82
arlit,2447513,NE,18.74,7.39,27.84,12,3.57,0
manono,209598,CD,-7.3,27.42,19.67,86,1.26,98
schruns,7873725,AT,47.07,9.95,5.73,100,2.54,100
gilazi,1000000, ,0.0,0.0,0.0,0,0.0,0
novikovo,487928,RU,51.15,37.89,3.32,78,8.24,93
praxedis guerrero,3974771,MX,31.37,-106.02,25.32,11,6.29,20
beringovskiy,2126710,RU,63.05,179.32,1.57,90,4.49,47
ust-kamchatsk,1000000, ,0.0,0.0,0.0,0,0.0,0
wanning,1791779,CN,18.8,110.4,30.24,68,4.02,16
coulihaut,1000000, ,0.0,0.0,0.0,0,0.0,0
tete,1026014,MZ,-16.16,33.59,13.0,76,0.77,11
christchurch,2192362,NZ,-43.53,172.63,13.45,76,4.6,100
duz,1000000, ,0.0,0.0,0.0,0,0.0,0
plateros,3992327,MX,23.22,-102.85,24.0,13,7.7,5
utiroa,1000000, ,0.0,0.0,0.0,0,0.0,0
pampa,5527953,US,35.54,-100.96,12.58,82,7.7,90
talara,3691582,PE,-4.58,-81.27,22.07,82,8.15,39
mporokoso,175967,ZM,-9.37,30.12,14.82,92,1.79,93
jvari,614740,GE,42.72,42.05,16.63,31,3.96,74
kisangani,212730,CD,0.52,25.2,21.65,96,0.77,100
ishigaki,1861416,JP,24.34,124.16,28.0,69,8.2,20
pangai,4032369,TO,-19.8,-174.35,28.0,69,3.1,75
baripada,1276942,IN,21.93,86.72,35.86,29,3.63,0
le port,935616,RE,-20.94,55.29,16.56,60,3.6,13
laguna,5364271,US,38.42,-121.42,17.06,64,1.79,37
linxia,1803331,CN,35.6,103.21,17.18,38,4.59,75
columbia,4575352,US,34.0,-81.03,15.15,55,0.86,1
bud,4255151,US,39.45,-86.18,8.6,57,0.44,1
flin flon,5954718,CA,54.77,-101.86,5.02,59,3.19,0
baykit,1510689,RU,61.67,96.37,8.21,52,2.66,4
magrath,6064202,CA,49.42,-112.87,7.11,77,3.1,75
ondjiva,3346821,AO,-17.07,15.73,16.0,53,0.68,0
esterhazy,5949563,CA,50.65,-102.08,4.71,68,4.21,64
lac du bonnet,6014443,CA,50.25,-96.06,7.53,23,1.55,5
ugoofaaru,1337619,MV,5.67,73.0,29.29,78,3.8,100
biankouma,2291666,CI,7.74,-7.61,21.4,91,1.47,97
north platte,5697939,US,41.12,-100.77,7.89,70,4.6,90
gondanglegi,1640660,ID,-7.75,112.01,29.63,67,3.16,0
voi,178522,KE,-3.39,38.56,21.27,81,1.99,100
ambilobe,1082243,MG,-13.2,49.05,20.82,90,1.35,100
catio,2373526,GW,11.28,-15.25,24.36,81,2.44,100
maun,933366,BW,-19.98,23.42,8.0,65,0.5,0
sarangani,1687186,PH,5.4,125.46,29.14,77,5.04,83
meybod,124193,IR,32.25,54.02,17.0,25,3.1,0
vanimo,2084442,PG,-2.67,141.3,30.06,65,2.03,91
dhidhdhoo,1337612,MV,6.88,73.1,29.82,73,4.59,79
tongliao,2034400,CN,43.61,122.27,22.68,19,4.94,0
zwettl,2760421,AT,48.6,15.17,2.62,66,0.96,47
kishtwar,1266475,IN,33.32,75.77,18.8,40,0.65,99
labutta,1000000, ,0.0,0.0,0.0,0,0.0,0
yirol,1000000, ,0.0,0.0,0.0,0,0.0,0
gisborne,2206854,NZ,-38.65,178.0,17.22,69,3.58,49
pitelino,509273,RU,54.58,41.81,9.52,93,7.71,100
sanica,3191302,BA,44.61,16.64,10.19,83,1.33,100
kibakwe,158024,TZ,-6.72,36.37,16.18,84,0.64,95
valdivia,3868707,CL,-39.81,-73.25,8.0,100,0.5,90
nuuk,3421319,GL,64.18,-51.72,4.0,93,3.1,100
ulladulla,2145554,AU,-35.35,150.47,16.34,36,5.1,100
coihaique,3894426,CL,-45.58,-72.07,2.0,93,3.1,75
kazalinsk,1000000, ,0.0,0.0,0.0,0,0.0,0
santa maria,3450083,BR,-29.68,-53.81,18.62,96,1.77,100
general pico,3855075,AR,-35.66,-63.76,10.16,60,1.64,22
budogoshch,571252,RU,59.28,32.47,0.66,94,2.73,100
caraballeda,3646767,VE,10.61,-66.85,22.78,80,4.0,34
bakchar,1511057,RU,57.02,82.07,24.7,38,1.29,97
manzil jamil,1000000, ,0.0,0.0,0.0,0,0.0,0
dongying,1812101,CN,37.46,118.49,28.88,24,5.26,0
menongue,3347353,AO,-14.66,17.69,13.62,54,1.04,58
kavieng,2094342,PG,-2.57,150.8,27.44,80,3.9,100
at-bashi,1528796,KG,41.17,75.81,10.56,43,0.78,100
kitimat,5993072,CA,54.05,-128.65,18.89,46,0.45,0
tucupita,3625929,VE,9.06,-62.05,23.77,86,1.91,93
lodja,211647,CD,-3.48,23.43,20.95,97,0.59,81
mahanoro,1062553,MG,-19.9,48.8,22.01,81,2.57,84
wakkanai,2127515,JP,45.41,141.67,16.0,59,10.8,20
teguise,2510573,ES,29.06,-13.56,20.0,68,3.1,83
severnyy,496358,RU,50.68,36.55,3.0,74,8.0,75
cinnaminson,4501234,US,40.0,-74.99,10.5,37,3.1,40
tyumentsevo,1488741,RU,53.32,81.5,24.25,41,2.19,0
natal,3394023,BR,-5.79,-35.21,24.0,100,2.1,20
puerto suarez,3444199,BO,-18.95,-57.8,22.7,93,0.95,51
itoman,1861280,JP,26.12,127.67,25.87,54,8.2,75
ajdabiya,89113,LY,30.76,20.23,24.84,16,1.55,0
sergeyevka,1519385,KZ,53.88,67.42,19.22,67,2.52,78
santa rosa,1687894,PH,14.31,121.11,33.94,56,2.1,75
marystown,6067472,CA,47.17,-55.15,3.44,96,5.62,100
tuyen quang,1563287,VN,21.82,105.22,28.28,74,1.65,100
nebolchi,523051,RU,59.12,33.35,0.95,96,2.35,100
port-gentil,2396518,GA,-0.72,8.78,27.13,79,3.04,100
key west,4160812,US,24.56,-81.78,24.91,69,6.2,20
hualmay,3939761,PE,-11.1,-77.61,19.34,84,3.71,33
kirakira,2178753,SB,-10.45,161.92,29.6,71,4.86,93
raudeberg,3146487,NO,61.99,5.14,0.56,93,5.26,83
navolato,3995017,MX,24.77,-107.69,25.01,59,0.45,0
buchanan,2278158,LR,5.88,-10.05,26.37,84,1.28,93
murgab,1218612,TM,37.5,61.97,13.0,87,4.1,71
celestun,3531368,MX,20.87,-90.4,26.43,82,6.22,0
campos altos,3467688,BR,-19.7,-46.17,13.58,90,1.13,13
seoul,1835848,KR,37.57,126.98,20.32,37,7.7,0
bjornevatn,780643,NO,69.67,29.98,-2.0,79,9.3,0
san sebastian,3110044,ES,43.31,-1.98,12.18,100,1.0,90
cabedelo,3404558,BR,-6.98,-34.83,24.0,100,1.5,40
nis,2990440,FR,43.7,7.27,14.73,87,3.1,73
yavas,468587,RU,54.42,42.85,13.7,92,6.19,100
port hueneme,5384339,US,34.15,-119.2,16.27,72,8.7,1
weatherford,4740364,US,32.76,-97.8,20.41,91,1.34,0
havoysund,779622,NO,71.0,24.66,0.0,92,8.7,75
haifa,294801,IL,32.82,34.99,20.76,57,1.13,0
fukue,1863997,JP,32.69,128.84,20.0,49,8.2,0
irece,3461013,BR,-11.3,-41.86,21.66,76,5.9,71
virginia beach,4791259,US,36.85,-75.98,9.92,76,2.1,20
esso,2125711,RU,55.93,158.7,3.46,78,1.9,19
bozhou,1816234,CN,33.88,115.77,29.77,26,4.46,63
sokolo,2450849,ML,14.73,-6.12,30.46,38,3.08,24
concepcion del oro,4013039,MX,24.63,-101.42,20.01,25,1.55,0
conde,3385077,BR,-7.26,-34.91,24.0,100,1.5,40
tairua,2182010,NZ,-37.02,175.85,16.61,72,5.81,100
haibowan,1000000, ,0.0,0.0,0.0,0,0.0,0
voskresenskoye,471607,RU,56.84,45.43,14.23,90,4.41,100
khani,610864,GE,41.96,42.96,15.0,58,4.6,75
uyuni,3901903,BO,-20.46,-66.83,2.84,66,4.96,0
rosarito,3988392,MX,32.33,-117.03,18.57,77,4.1,90
saint-louis,2246451,SN,16.33,-15.0,26.69,24,4.55,17
rungata,1000000, ,0.0,0.0,0.0,0,0.0,0
greenfield,5255068,US,42.96,-88.01,4.08,60,2.6,20
zheleznogorsk,463343,RU,52.33,35.37,1.53,85,7.28,69
nantucket,4944903,US,41.28,-70.1,9.72,27,10.3,1
independenta,675612,RO,45.48,27.75,8.32,53,5.63,98
kholtoson,2022369,RU,50.3,103.31,19.0,28,1.5,2
tautira,4033557,PF,-17.73,-149.15,28.94,70,4.1,100
tigil,2120612,RU,57.8,158.67,7.87,57,2.61,30
mangrol,1263752,IN,21.12,70.12,29.26,73,5.54,0
anadyr,2127202,RU,64.75,177.48,1.82,93,4.0,90
kendari,1640344,ID,-3.94,122.5,29.83,69,1.55,37
thrissur,1254187,IN,10.52,76.22,27.0,88,2.1,40
cayenne,3382160,GF,4.93,-52.33,25.0,100,6.66,75
bereda,3105522,ES,43.27,-7.54,11.27,100,0.45,100
tenkodogo,2354675,BF,11.78,-0.37,31.75,39,4.71,3
killarney,2963370,IE,52.05,-9.52,2.86,88,1.46,3
goundam,2456917,ML,16.41,-3.67,33.4,30,9.02,97
thongwa,1291193,MM,16.76,96.53,34.0,56,1.0,20
dieppe bay,1000000, ,0.0,0.0,0.0,0,0.0,0
margate,2643044,GB,51.38,1.39,7.22,75,0.45,45
falealupo,1000000, ,0.0,0.0,0.0,0,0.0,0
gulshat,1000000, ,0.0,0.0,0.0,0,0.0,0
mchinji,926747,MW,-13.8,32.88,14.14,80,1.2,45
turinsk,1488933,RU,58.05,63.7,17.88,57,1.36,67
antalaha,1071296,MG,-14.9,50.28,21.49,87,3.2,96
maceio,3395981,BR,-9.67,-35.74,24.0,94,1.0,40
saint-augustin,6137462,CA,51.23,-58.65,2.08,95,9.79,100
roswell,4219934,US,34.02,-84.36,14.96,58,2.1,1
hirara,1862505,JP,24.8,125.28,26.41,69,7.2,75
prainha,3391287,BR,-1.8,-53.48,24.32,92,1.33,12
sarila,1257167,IN,25.77,79.68,36.89,15,3.2,16
dawson creek,5935804,CA,55.77,-120.24,16.0,23,3.6,1
mapiri,3910758,BO,-15.25,-68.17,20.18,90,0.32,42
reefton,1000000, ,0.0,0.0,0.0,0,0.0,0
darhan,2031964,MN,49.49,105.92,18.79,39,3.2,1
gwanda,890516,ZW,-20.93,29.0,12.9,41,1.84,6
udankudi,1253972,IN,8.43,78.02,30.5,63,2.7,53
de-kastri,2126018,RU,51.47,140.78,6.92,91,2.06,100
ha giang,1581349,VN,22.83,104.98,28.06,77,2.14,98
baracoa,3567834,CU,20.35,-74.5,25.85,82,1.56,81
jieshi,1805857,CN,22.81,115.83,25.64,76,8.3,52
broken hill,2173911,AU,-31.95,141.43,14.0,62,6.7,40
vikhorevka,2013399,RU,56.12,101.16,6.83,52,6.0,40
satitoa,1000000, ,0.0,0.0,0.0,0,0.0,0
pangody,1495626,RU,65.85,74.49,4.73,93,4.94,85
khorixas,3356213,NA,-20.37,14.97,20.88,31,2.89,57
medea,2488835,DZ,36.26,2.75,15.0,72,2.1,90
harwich,2647383,GB,51.94,1.28,6.37,75,0.89,65
dengzhou,1812988,CN,37.81,120.75,22.0,38,6.66,0
muncar,1634718,ID,-8.43,114.33,28.12,77,4.81,32
myitkyina,1307741,MM,25.38,97.4,31.46,47,0.7,11
ust-karsk,2013942,RU,52.7,118.81,17.5,32,4.29,98
matsanga,1000000, ,0.0,0.0,0.0,0,0.0,0
berekum,2303125,GH,7.45,-2.58,22.8,86,2.06,1
rawson,3839307,AR,-43.3,-65.1,8.18,65,6.74,8
qandala,53157,SO,11.47,49.87,30.26,66,1.71,92
garissa,197745,KE,-0.45,39.64,24.97,70,4.24,99
sembakung,1627877,ID,3.82,117.25,34.55,50,0.73,0
axim,2303611,GH,4.87,-2.24,26.37,85,2.28,1
aventura,4146429,US,25.96,-80.14,25.01,57,6.2,40
kalikapur,1268408,IN,22.62,86.28,29.0,70,1.0,40
chardara,1524889,KZ,41.25,67.97,22.16,58,3.04,82
rawlins,5836068,US,41.79,-107.24,15.54,26,8.7,20
anloga,2304548,GH,5.79,0.9,27.0,88,2.1,20
champerico,3598787,GT,14.3,-91.92,30.04,70,2.21,71
phalaborwa,965528,ZA,-23.94,31.14,16.0,77,1.5,0
hays,4696788,US,30.05,-98.03,17.96,99,0.45,84
novopokrovka,699328,UA,49.84,36.55,3.68,75,8.18,98
muisne,3653967,EC,0.6,-80.03,25.58,83,2.0,100
boyolangu,1648082,ID,-8.12,111.89,28.7,72,5.12,31
marathon,5261790,US,44.9,-89.77,7.49,25,1.13,1
buta,217570,CD,2.79,24.73,21.59,98,0.41,100
zvishavane,878549,ZW,-20.33,30.07,12.07,44,1.32,0
wilmington,4499379,US,34.23,-77.94,12.96,67,2.1,1
anjiang,1818051,CN,27.32,110.1,25.71,61,0.59,86
moerai,4034188,PF,-22.43,-151.33,26.77,84,4.44,9
aksarka,1512019,RU,66.56,67.8,4.95,94,3.69,49
urumqi,1529102,CN,43.8,87.6,24.0,31,2.0,20
edd,338345,ER,13.93,41.69,30.91,55,0.8,6
maine-soroa,2441447,NE,13.21,12.02,27.08,14,2.88,0
thanh hoa,1566166,VN,19.8,105.77,30.57,66,2.48,86
balakhta,1510998,RU,55.38,91.6,21.01,31,3.2,60
texas city,4736134,US,29.38,-94.9,24.21,83,4.1,1
tomatlan,3981391,MX,19.93,-105.25,22.7,73,0.27,0
kamsack,5989068,CA,51.57,-101.9,9.0,26,4.1,1
gogrial,374739,SS,8.53,28.1,27.34,61,2.39,49
pangnirtung,6096551,CA,66.15,-65.71,-0.54,95,2.26,99
khasan,2039557,RU,42.43,130.64,13.9,45,3.94,34
jardim,3460087,BR,-21.48,-56.14,21.61,96,1.51,93
zolotinka,1000000, ,0.0,0.0,0.0,0,0.0,0
preili,456530,LV,56.29,26.72,1.03,92,2.42,67
nargana,3703946,PA,9.44,-78.59,27.25,79,1.75,59
rodrigues alves,3665210,BR,-7.74,-72.65,22.95,96,0.78,50
mumford,2297810,GH,5.26,-0.76,26.68,84,1.91,0
trang,1150006,TH,7.5,99.5,31.0,74,1.5,20
opuwo,3354077,NA,-18.06,13.84,17.48,51,0.63,55
catuday,1717787,PH,16.29,119.81,30.77,65,1.23,35
batemans bay,2176639,AU,-35.72,150.18,19.44,37,0.89,83
bareggio,6542012,IT,45.49,9.0,13.48,86,2.24,100
playa vicente,3521334,MX,17.83,-95.82,28.52,61,1.25,10
kabo,2386042,CF,7.7,18.63,24.84,76,1.63,98
am timan,245338,TD,11.03,20.28,28.04,49,1.42,64
atambua,1651103,ID,-9.11,124.89,28.82,58,1.8,59
abu zabad,380348,SD,12.35,29.25,26.93,15,1.14,64
nizhnevartovsk,1497543,RU,60.93,76.55,21.0,73,2.0,100
ciparay,1646281,ID,-7.42,108.47,28.79,73,2.38,100
ilinskiy,557140,RU,55.62,38.12,3.85,82,8.0,75
pahrump,5509851,US,36.21,-115.98,21.32,33,5.81,2
nadym,1498087,RU,65.53,72.52,7.73,80,3.76,63
san rafael,3836669,AR,-34.62,-68.33,10.51,47,2.31,25
shahrud,135423,IR,36.42,54.98,9.87,48,1.55,0
plettenberg bay,964712,ZA,-34.05,23.37,14.92,80,5.65,49
yerbogachen,2012956,RU,61.28,108.01,2.48,72,5.14,100
krasnokamensk,2021618,RU,50.1,118.04,19.56,26,5.89,5
harper,2276492,LR,4.38,-7.72,25.9,85,0.99,40
bestobe,1525376,KZ,52.5,73.1,24.97,36,2.59,0
farmington,5467328,US,36.73,-108.22,22.0,10,7.7,1
lypova dolyna,703015,UA,50.56,33.8,1.95,82,6.45,6
puerto madero,3520989,MX,14.72,-92.42,29.0,83,1.5,40
stamsund,1000000, ,0.0,0.0,0.0,0,0.0,0
portoferraio,3170094,IT,42.81,10.31,18.16,98,4.92,39
berlevag,780687,NO,70.86,29.09,-1.45,90,7.64,0
inverness,2646088,GB,57.48,-4.22,3.0,74,3.1,20
soldotna,5874678,US,60.49,-151.06,12.16,37,5.7,1
kargopol,552465,RU,61.51,38.95,-0.44,99,5.26,100
ketovo,1503879,RU,55.35,65.33,16.62,78,2.19,98
ovalle,3877918,CL,-30.6,-71.2,8.22,77,0.3,24
padina,787271,RS,45.12,20.73,8.99,65,1.0,9
kindu,212902,CD,-2.95,25.95,22.22,86,0.38,100
tres arroyos,3833859,AR,-38.37,-60.28,8.96,56,3.33,0
acapulco,3533462,MX,16.86,-99.89,28.0,69,1.5,5
sal rei,3374235,CV,16.18,-22.92,22.0,73,10.3,75
rafaela,3839479,AR,-31.25,-61.49,13.61,64,0.45,1
ossora,2122389,RU,59.24,163.07,1.81,93,1.2,1
biloela,2175819,AU,-24.42,150.5,24.94,34,2.22,18
straumen,3135728,NO,63.87,11.3,0.79,86,6.7,100
makung,1000000, ,0.0,0.0,0.0,0,0.0,0
pendleton,5745380,US,45.67,-118.79,10.61,93,7.2,90
durazno,3442727,UY,-33.41,-56.5,8.91,93,3.46,0
shache,1280037,CN,38.42,77.24,26.01,20,2.56,23
kurmanayevka,538685,RU,52.51,52.07,13.54,70,4.12,40
kedrovyy,1538641,RU,56.17,91.82,19.0,22,3.0,98
poum,2138555,NC,-20.23,164.02,23.58,63,8.89,0
muri,1262429,IN,23.37,85.87,26.58,65,2.55,15
san pedro de uraba,3669087,CO,8.28,-76.38,23.96,91,1.7,98
padang,1633419,ID,-0.95,100.35,30.86,58,0.85,98
ierapetra,261814,GR,35.01,25.74,20.0,52,1.85,26
chhatak,1185254,BD,25.03,91.67,31.57,37,2.37,0
emilio carranza,3514843,MX,19.97,-96.61,25.87,81,4.71,27
maues,3395062,BR,-3.38,-57.72,24.03,96,0.86,94
uruzgan,1131461,AF,32.83,66.0,20.21,39,1.44,0
belyy yar,1510377,RU,53.6,91.39,21.0,40,1.55,5
urdzhar,1000000, ,0.0,0.0,0.0,0,0.0,0
poronaysk,2121909,RU,49.22,143.12,4.01,95,3.64,100
aripuana,3665202,BR,-9.17,-60.63,23.03,94,0.35,8
santiago de chuco,3692072,PE,-8.15,-78.18,9.27,82,1.14,77
lisala,211734,CD,2.15,21.52,21.22,98,0.65,55
shubarshi,608270,KZ,48.59,57.19,15.61,52,1.79,0
mollendo,3934707,PE,-17.02,-72.01,18.28,80,3.17,63
fecamp,3018794,FR,49.76,0.37,3.25,74,2.1,40
kempsey,2161658,AU,-31.08,152.83,22.22,60,1.34,91
jumla,1283285,NP,29.27,82.18,16.67,88,1.47,36
balikpapan,1650527,ID,-1.27,116.83,28.89,81,2.36,59
praia,3374333,CV,14.92,-23.51,22.0,73,9.3,40
gazli,1513990,UZ,40.13,63.45,14.76,81,5.07,100
panzhihua,6929460,CN,26.59,101.71,25.56,31,0.89,73
sorvag,1000000, ,0.0,0.0,0.0,0,0.0,0
dudinka,1507116,RU,69.41,86.18,2.0,64,4.0,14
bethanien,3358416,NA,-26.5,17.16,15.45,41,2.38,57
peachland,6100086,CA,49.77,-119.74,13.41,76,3.6,90
imeni poliny osipenko,2023584,RU,52.42,136.49,3.65,94,6.22,100
rio grande,3451138,BR,-32.03,-52.1,16.67,97,6.01,100
kaka,161901,TM,37.35,59.61,15.3,59,3.74,90
bara,2347758,NG,10.37,10.73,28.16,61,3.41,0
el balyana,1000000, ,0.0,0.0,0.0,0,0.0,0
kulhudhuffushi,1337613,MV,6.62,73.07,29.63,74,5.0,92
betong,1611635,TH,5.77,101.07,23.19,93,2.32,100
kalomo,1000000, ,0.0,0.0,0.0,0,0.0,0
whitehorse,6180550,CA,60.72,-135.05,20.85,15,3.1,40
kitale,191220,KE,1.02,35.01,12.4,94,0.4,33
port keats,2063039,AU,-14.25,129.55,30.49,33,5.11,0
kanniyakumari,1268008,IN,8.08,77.57,29.03,69,2.29,98
pervomayskoye,797213,RU,43.92,46.71,14.62,67,5.85,99
catamayo,3659599,EC,-3.98,-79.35,18.9,82,0.73,100
otradnoye,513898,RU,59.78,30.82,0.19,86,3.0,44
qianan,2035410,CN,44.99,124.06,17.16,29,3.25,0
leeds,3333164,GB,53.8,-1.55,5.01,75,1.34,98
gamba,2400547,GA,-2.65,10.0,24.6,93,1.33,100
progreso,3521108,MX,21.28,-89.67,26.83,74,2.6,20
sao domingos,3449293,BR,-13.4,-46.32,20.03,84,2.85,0
agadez,2448083,NE,19.75,10.25,25.76,15,2.34,0
sayansk,2055166,RU,54.11,102.16,13.06,54,6.67,96
paracuru,3393115,BR,-3.41,-39.03,25.56,80,0.45,0
kamalpur,1268271,IN,24.2,91.83,32.5,50,1.81,0
buqayq,1000000, ,0.0,0.0,0.0,0,0.0,0
salamiyah,164947,SY,35.01,37.05,19.49,32,3.13,0
chimore,3920736,BO,-16.98,-65.13,22.34,96,0.46,75
mehran,124291,IR,33.12,46.16,17.0,21,5.1,0
grand island,5069297,US,40.92,-98.34,11.02,46,6.2,90
raduzhnyy,1540356,RU,62.1,77.47,19.85,58,4.09,76
mogochin,1000000, ,0.0,0.0,0.0,0,0.0,0
sambava,1056899,MG,-14.27,50.17,22.34,87,4.79,99
hvammstangi,1000000, ,0.0,0.0,0.0,0,0.0,0
svetlaya,2015852,RU,46.54,138.33,9.4,79,2.11,75
huarmey,3939168,PE,-10.07,-78.15,20.14,81,2.93,22
perbaungan,1214191,ID,3.57,98.96,29.0,83,5.1,20
pakxe,1654379,LA,15.12,105.78,32.0,55,6.2,23
farnham,2649660,GB,51.21,-0.8,6.84,75,1.0,1
tecoh,3516168,MX,20.75,-89.47,26.83,74,2.6,20
kemijarvi,653272,FI,66.71,27.43,-2.16,94,1.88,0
raymond,4976361,US,43.9,-70.47,2.13,55,3.21,31
vagay,1487860,RU,57.94,69.02,22.77,47,2.1,15
chapais,5919850,CA,49.78,-74.85,-3.0,58,1.5,75
galesong,1644605,ID,-5.32,119.37,31.0,66,2.1,100
sananduva,3450496,BR,-27.95,-51.81,15.89,96,2.68,100
capreol,5959803,CA,46.71,-80.92,1.03,40,2.6,5
morristown,4642938,US,36.21,-83.29,11.23,62,0.68,1
nalut,2214432,LY,30.33,10.85,26.29,23,7.0,54
nazarovo,1497951,RU,56.01,90.39,20.78,29,1.47,30
maridi,370457,SS,4.92,29.47,19.96,95,2.42,100
dillon,4576653,US,34.42,-79.37,10.51,76,1.3,1
chapulhuacan,3531118,MX,21.17,-98.9,19.56,98,0.44,11
dzaoudzi,921900,YT,-12.79,45.27,27.0,74,4.6,90
barra dos coqueiros,3470674,BR,-10.91,-37.04,27.0,83,1.5,40
hoopstad,995573,ZA,-27.83,25.91,11.2,45,1.73,11
oga,3175788,IT,46.46,10.35,7.49,100,2.11,75
iracoubo,3381428,GF,5.48,-53.2,25.51,90,6.97,100
pringsewu,1630639,ID,-5.36,104.97,30.72,65,1.17,100
inuvik,5983607,CA,68.35,-133.72,-3.0,73,4.1,75
gambela,337405,ET,8.25,34.58,22.5,87,1.78,95
mastic beach,5126209,US,40.77,-72.85,9.5,36,1.5,90
havre-saint-pierre,5972291,CA,50.23,-63.6,5.0,80,3.6,90
maracacume,3395497,BR,-2.04,-45.96,23.32,97,1.25,86
mookane,933290,BW,-23.69,26.66,14.43,37,1.86,22
otukpo,2328113,NG,7.19,8.13,24.29,93,2.62,38
tukrah,88834,LY,32.53,20.58,23.04,32,3.43,67
bati,342641,ET,11.18,40.02,20.65,31,2.61,0
tonj,365763,SS,7.27,28.68,24.47,78,1.57,59
taburi,1000000, ,0.0,0.0,0.0,0,0.0,0
zabol,1121143,AF,32.25,67.25,18.26,56,3.98,0
vaitape,4033077,PF,-16.52,-151.75,27.98,74,5.58,100
sumbe,3346015,AO,-11.21,13.84,24.97,80,0.87,51
nago,1856068,JP,26.59,127.98,25.85,57,4.6,75
kailua,5847486,US,21.4,-157.74,24.6,61,3.6,90
odweyne,53372,SO,9.41,45.06,25.0,61,1.57,11
hovd,1516048,MN,48.01,91.64,16.87,32,4.36,100
araouane,2460954,ML,18.9,-3.53,30.14,22,3.12,21
oistins,3373652,BB,13.07,-59.53,27.0,69,10.8,20
sao jose da coroa grande,3388456,BR,-8.9,-35.15,25.21,86,2.39,32
gazni,1000000, ,0.0,0.0,0.0,0,0.0,0
yomitan,1000000, ,0.0,0.0,0.0,0,0.0,0
terme,738803,TR,41.21,36.97,14.0,82,1.5,0
alexandria,361058,EG,31.22,29.96,18.0,82,2.4,71
nhamunda,3393929,BR,-2.19,-56.71,24.51,95,0.95,55
taoudenni,2450173,ML,22.68,-3.98,30.4,13,6.62,0
mizan teferi,330534,ET,6.98,35.58,16.77,86,1.31,12
colesberg,1013076,ZA,-30.72,25.1,13.46,43,3.89,99
da nang,1583992,VN,16.07,108.22,33.0,59,1.5,20
sao miguel do oeste,1000000, ,0.0,0.0,0.0,0,0.0,0
pedernales,3495137,DO,18.04,-71.74,25.93,72,0.94,37
salinopolis,3389822,BR,-0.61,-47.36,26.83,85,5.03,98
la zumbadora,3606075,HN,15.02,-88.9,22.07,91,0.58,4
vila,7117100,PT,42.03,-8.16,11.93,93,1.5,13
kilrush,2963218,IE,52.64,-9.48,3.0,93,1.0,0
north mankato,5039537,US,44.17,-94.03,9.87,23,3.1,1
kaunas,598316,LT,54.9,23.9,3.0,69,3.1,99
the valley,3573374,AI,18.22,-63.06,26.59,74,5.1,20
inta,1505579,RU,66.03,60.17,14.58,65,6.49,98
pueblo nuevo,4007676,MX,23.38,-105.38,13.63,38,1.1,0
hailar,2037078,CN,49.2,119.7,16.27,32,5.39,16
newport,2641598,GB,51.59,-3.0,4.48,84,3.26,0
warqla,1000000, ,0.0,0.0,0.0,0,0.0,0
mount isa,2065594,AU,-20.73,139.5,24.0,25,2.1,40
lagos,2332453,NG,6.58,3.75,26.0,94,1.0,20
nhulunbuy,2064735,AU,-12.23,136.77,29.0,66,4.6,75
antofagasta,3899539,CL,-23.65,-70.4,14.0,82,2.6,20
turtas,1540475,RU,58.94,69.13,23.22,50,1.87,3
waipawa,2206874,NZ,-41.41,175.52,14.13,82,3.1,100
qafsah,1000000, ,0.0,0.0,0.0,0,0.0,0
okha,2122614,RU,53.57,142.95,3.87,89,8.94,100
guaraniacu,3461892,BR,-25.1,-52.88,15.93,100,2.01,54
henties bay,3356832,NA,-22.12,14.28,17.58,68,2.53,1
bournemouth,2655095,GB,50.72,-1.88,6.46,76,0.89,32
canita,3713131,PA,9.21,-78.88,27.0,78,1.5,45
beroroha,1066831,MG,-21.67,45.17,18.93,93,0.22,48
sale,2537763,MA,34.04,-6.82,15.59,93,4.1,90
victor harbor,2059470,AU,-35.57,138.62,14.44,65,1.79,56
paradwip,1000000, ,0.0,0.0,0.0,0,0.0,0
tunapuna,3573576,TT,10.63,-61.38,26.8,78,5.1,20
zhangdian,1785290,CN,34.2,119.3,25.26,37,6.16,0
malko tarnovo,729322,BG,41.98,27.53,14.69,82,2.1,81
santo domingo,3492908,DO,18.5,-69.99,25.88,96,0.85,97
yerofey pavlovich,2012938,RU,53.97,121.97,11.06,42,3.89,100
roebourne,2062276,AU,-20.78,117.13,29.81,20,7.79,0
zelenoborsk,1485286,RU,61.47,64.03,19.19,69,3.84,57
safranbolu,740430,TR,41.25,32.69,13.43,64,0.64,0
hihifo,1000000, ,0.0,0.0,0.0,0,0.0,0
brasilia de minas,3469057,BR,-16.21,-44.43,17.78,87,2.94,0
votkinsk,471430,RU,57.05,53.99,10.56,94,0.45,78
fiche,337771,ET,9.8,38.73,10.24,62,0.59,0
peniche,2264923,PT,39.36,-9.38,13.71,87,3.58,36
sovetskaya gavan,2121052,RU,48.97,140.29,6.36,89,2.0,100
